Date,Product,Category,Region,Salesperson,Quantity,Revenue,Cost
2026-01-05,Laptop,Electronics,South,Rahul,2,120000,90000
2026-01-08,Mouse,Accessories,South,Anjali,5,5000,3000
2026-01-12,Phone,Electronics,North,Arjun,3,75000,60000
2026-01-15,Keyboard,Accessories,West,Meera,4,8000,5000
2026-01-20,Monitor,Electronics,East,Rahul,2,40000,30000
2026-02-03,Laptop,Electronics,North,Arjun,1,60000,45000
2026-02-10,Phone,Electronics,South,Anjali,2,50000,40000
2026-02-14,Mouse,Accessories,West,Meera,10,10000,6000
2026-02-20,Monitor,Electronics,South,Rahul,3,60000,45000
2026-03-02,Keyboard,Accessories,East,Anjali,6,12000,7500
2026-03-08,Laptop,Electronics,West,Meera,2,120000,90000
2026-03-15,Phone,Electronics,North,Arjun,4,100000,80000
2026-03-20,Mouse,Accessories,South,Rahul,8,8000,4800
2026-04-04,Monitor,Electronics,West,Meera,2,40000,30000
2026-04-10,Laptop,Electronics,East,Anjali,3,180000,135000
2026-04-18,Phone,Electronics,South,Rahul,2,50000,40000